cavo_cm,design_color,design_material,kg,name,potenza_w,price_eur,rating,review_count,scrape_date,serbatoio_ml,source,url,vapore_setting
,,,1.2,Imetec ZeroCalc Z1 2500 – Ferro da stiro a vapore 2200W,2200,22.0,,0,2026-09-28T15:49:19.291342,1500.0,Amazon.it,https://www.amazon.it/Imetec-Tecnologia-Anticalcare-Risparmio-Energetico/dp/B07CKY9SNZ/ref=sr_1_1?dib=eyJ2IjoiMSJ9.j3upK2s76xgRILI_1L2uC1FiL3RlCbhvuKX-Bex-6iGRXSbOqCMdvjHCzsM4npNyQLzq2uq1d6FBaB-TMl9ifJ4eMXxRzfkueWwCVSDbTibfyrggvsxUZPwYg7XITCRaCs15wfBZ_8XMeGsIlyXIbuRI7aQuTf-zoyPlaozCNyCB8qeMYNgsCwductKT2Vqkfppg3_nqxhybhY8Hk49Vj3Io41iB27jsjGhItWOM76IZZH4gAg1GeNl1MWFl2b1abrk4Pid3z4osnTcga-TLiHDfJzj5y2yce7Wpf_qqxkQ.RfLJSTTOQP6MXb68H5atzCRiq7SBOJm_hjd8I__gkuA&dib_tag=se&keywords=ferro+da+stiro&qid=1790581747&sr=8-1,120
,,,1.0,Imetec Perfect Comfort – Ferro da stiro a vapore 2200W,2200,29.0,,0,2026-09-28T15:49:19.310464,1500.0,Amazon.it,https://www.amazon.it/Imetec-Perfect-Comfort-Maneggevole-anticalcare/dp/B0C7QV6S33/ref=sr_1_2?dib=eyJ2IjoiMSJ9.j3upK2s76xgRILI_1L2uC1FiL3RlCbhvuKX-Bex-6iGRXSbOqCMdvjHCzsM4npNyQLzq2uq1d6FBaB-TMl9ifJ4eMXxRzfkueWwCVSDbTibfyrggvsxUZPwYg7XITCRaCs15wfBZ_8XMeGsIlyXIbuRI7aQuTf-zoyPlaozCNyCB8qeMYNgsCwductKT2Vqkfppg3_nqxhybhY8Hk49Vj3Io41iB27jsjGhItWOM76IZZH4gAg1GeNl1MWFl2b1abrk4Pid3z4osnTcga-TLiHDfJzj5y2yce7Wpf_qqxkQ.RfLJSTTOQP6MXb68H5atzCRiq7SBOJm_hjd8I__gkuA&dib_tag=se&keywords=ferro+da+stiro&qid=1790581747&sr=8-2,140
,,,0.4,"Tristar ST-8300 Ferro da stiro a vapore, 2000 W – Piastra in ceramica, temperatura regolabile, funzione vapore verticale e spray, autopulente, stiratura facile e veloce per risultati perfetti",1830,13.0,,0,2026-09-28T15:49:19.333074,1500.0,Amazon.it,https://www.amazon.it/Ferro-stiro-Tristar-ST-8300-2000/dp/B07BLCZ9Q9/ref=sr_1_3?dib=eyJ2IjoiMSJ9.j3upK2s76xgRILI_1L2uC1FiL3RlCbhvuKX-Bex-6iGRXSbOqCMdvjHCzsM4npNyQLzq2uq1d6FBaB-TMl9ifJ4eMXxRzfkueWwCVSDbTibfyrggvsxUZPwYg7XITCRaCs15wfBZ_8XMeGsIlyXIbuRI7aQuTf-zoyPlaozCNyCB8qeMYNgsCwductKT2Vqkfppg3_nqxhybhY8Hk49Vj3Io41iB27jsjGhItWOM76IZZH4gAg1GeNl1MWFl2b1abrk4Pid3z4osnTcga-TLiHDfJzj5y2yce7Wpf_qqxkQ.RfLJSTTOQP6MXb68H5atzCRiq7SBOJm_hjd8I__gkuA&dib_tag=se&keywords=ferro+da+stiro&qid=1790581747&sr=8-3,140
,,,1.6,"Philips 7000 Ferro da Stiro a Vapore, 2800 W, Colpo Vapore 250g",2800,54.0,,0,2026-09-28T15:49:19.363297,300.0,Amazon.it,https://www.amazon.it/Philips-Azur-Ferro-Stiro-Vapore/dp/B0BS41731X/ref=sr_1_4?dib=eyJ2IjoiMSJ9.j3upK2s76xgRILI_1L2uC1FiL3RlCbhvuKX-Bex-6iGRXSbOqCMdvjHCzsM4npNyQLzq2uq1d6FBaB-TMl9ifJ4eMXxRzfkueWwCVSDbTibfyrggvsxUZPwYg7XITCRaCs15wfBZ_8XMeGsIlyXIbuRI7aQuTf-zoyPlaozCNyCB8qeMYNgsCwductKT2Vqkfppg3_nqxhybhY8Hk49Vj3Io41iB27jsjGhItWOM76IZZH4gAg1GeNl1MWFl2b1abrk4Pid3z4osnTcga-TLiHDfJzj5y2yce7Wpf_qqxkQ.RfLJSTTOQP6MXb68H5atzCRiq7SBOJm_hjd8I__gkuA&dib_tag=se&keywords=ferro+da+stiro&qid=1790581747&sr=8-4,250
,,,1.38,Ariete Steam Iron 2200w 2200 W 25 g/min,2200,19.0,,0,2026-09-28T15:49:19.384435,1500.0,Amazon.it,https://www.amazon.it/Steam-Iron-2200w-2200-min/dp/B004APAEF2/ref=sr_1_5?dib=eyJ2IjoiMSJ9.j3upK2s76xgRILI_1L2uC1FiL3RlCbhvuKX-Bex-6iGRXSbOqCMdvjHCzsM4npNyQLzq2uq1d6FBaB-TMl9ifJ4eMXxRzfkueWwCVSDbTibfyrggvsxUZPwYg7XITCRaCs15wfBZ_8XMeGsIlyXIbuRI7aQuTf-zoyPlaozCNyCB8qeMYNgsCwductKT2Vqkfppg3_nqxhybhY8Hk49Vj3Io41iB27jsjGhItWOM76IZZH4gAg1GeNl1MWFl2b1abrk4Pid3z4osnTcga-TLiHDfJzj5y2yce7Wpf_qqxkQ.RfLJSTTOQP6MXb68H5atzCRiq7SBOJm_hjd8I__gkuA&dib_tag=se&keywords=ferro+da+stiro&qid=1790581747&sr=8-5,140
,,ceramica,,"Philips Ferro da stiro con Generatore di Vapore Serie 3000, 2400W, 120g/min di Vapore Continuo, Colpo Vapore da 350g, 6 Bar, Vapore Verticale, Piastra in Ceramica, Azzurro Intenso (PSG3000/20)",2400,69.0,,0,2026-09-28T15:49:19.402634,,Amazon.it,https://www.amazon.it/Philips-Generatore-conveniente-PSG3000-20/dp/B0CCSBJKJ8/ref=sr_1_6?dib=eyJ2IjoiMSJ9.j3upK2s76xgRILI_1L2uC1FiL3RlCbhvuKX-Bex-6iGRXSbOqCMdvjHCzsM4npNyQLzq2uq1d6FBaB-TMl9ifJ4eMXxRzfkueWwCVSDbTibfyrggvsxUZPwYg7XITCRaCs15wfBZ_8XMeGsIlyXIbuRI7aQuTf-zoyPlaozCNyCB8qeMYNgsCwductKT2Vqkfppg3_nqxhybhY8Hk49Vj3Io41iB27jsjGhItWOM76IZZH4gAg1GeNl1MWFl2b1abrk4Pid3z4osnTcga-TLiHDfJzj5y2yce7Wpf_qqxkQ.RfLJSTTOQP6MXb68H5atzCRiq7SBOJm_hjd8I__gkuA&dib_tag=se&keywords=ferro+da+stiro&qid=1790581747&sr=8-6,120
,,,,"Stiratore Verticale, 40 g/min, Ferro da Stiro 2 in 1, Serbatoio 350 ml",,52.0,,0,2026-09-28T15:49:19.421638,350.0,Amazon.it,https://www.amazon.it/Stiratore-Verticale-Ferro-Stiro-Serbatoio/dp/B0H1WCMLQB/ref=sr_1_7?dib=eyJ2IjoiMSJ9.j3upK2s76xgRILI_1L2uC1FiL3RlCbhvuKX-Bex-6iGRXSbOqCMdvjHCzsM4npNyQLzq2uq1d6FBaB-TMl9ifJ4eMXxRzfkueWwCVSDbTibfyrggvsxUZPwYg7XITCRaCs15wfBZ_8XMeGsIlyXIbuRI7aQuTf-zoyPlaozCNyCB8qeMYNgsCwductKT2Vqkfppg3_nqxhybhY8Hk49Vj3Io41iB27jsjGhItWOM76IZZH4gAg1GeNl1MWFl2b1abrk4Pid3z4osnTcga-TLiHDfJzj5y2yce7Wpf_qqxkQ.RfLJSTTOQP6MXb68H5atzCRiq7SBOJm_hjd8I__gkuA&dib_tag=se&keywords=ferro+da+stiro&qid=1790581747&sr=8-7,40
,,,,Imetec ZeroCalc Z1 2800 – Ferro da stiro a vapore 2200W,2200,29.0,,0,2026-09-28T15:49:19.439159,,Amazon.it,https://www.amazon.it/Imetec-Tecnologia-Anticalcare-Scorrevolezza-Energetico/dp/B07PPC54RD/ref=sr_1_8?dib=eyJ2IjoiMSJ9.j3upK2s76xgRILI_1L2uC1FiL3RlCbhvuKX-Bex-6iGRXSbOqCMdvjHCzsM4npNyQLzq2uq1d6FBaB-TMl9ifJ4eMXxRzfkueWwCVSDbTibfyrggvsxUZPwYg7XITCRaCs15wfBZ_8XMeGsIlyXIbuRI7aQuTf-zoyPlaozCNyCB8qeMYNgsCwductKT2Vqkfppg3_nqxhybhY8Hk49Vj3Io41iB27jsjGhItWOM76IZZH4gAg1GeNl1MWFl2b1abrk4Pid3z4osnTcga-TLiHDfJzj5y2yce7Wpf_qqxkQ.RfLJSTTOQP6MXb68H5atzCRiq7SBOJm_hjd8I__gkuA&dib_tag=se&keywords=ferro+da+stiro&qid=1790581747&sr=8-8,
,,ceramica,,"Russell Hobbs Ferro Da Stiro, A Vapore, Colpo Vapore 210 G/Min, Vapore Verticale Per Tende, Piastra In Ceramica Autopulente, 2600W, Supreme Steam Pro A Vapore 20562-56 [Esclusiva Amazon]",2600,29.0,,0,2026-09-28T15:49:19.457396,,Amazon.it,https://www.amazon.it/Russell-Hobbs-20562-56-Acciaio-Inossidabile/dp/B00F9SUKE4/ref=sr_1_9?dib=eyJ2IjoiMSJ9.j3upK2s76xgRILI_1L2uC1FiL3RlCbhvuKX-Bex-6iGRXSbOqCMdvjHCzsM4npNyQLzq2uq1d6FBaB-TMl9ifJ4eMXxRzfkueWwCVSDbTibfyrggvsxUZPwYg7XITCRaCs15wfBZ_8XMeGsIlyXIbuRI7aQuTf-zoyPlaozCNyCB8qeMYNgsCwductKT2Vqkfppg3_nqxhybhY8Hk49Vj3Io41iB27jsjGhItWOM76IZZH4gAg1GeNl1MWFl2b1abrk4Pid3z4osnTcga-TLiHDfJzj5y2yce7Wpf_qqxkQ.RfLJSTTOQP6MXb68H5atzCRiq7SBOJm_hjd8I__gkuA&dib_tag=se&keywords=ferro+da+stiro&qid=1790581747&sr=8-9,210
,,inox,,"Rowenta DX1635 Effective + Ferro da Stiro a Vapore, 2400 W, 0.25 Litri, Colpo Vapore 120 g/min, con Piastra in Acciaio Inox, Funzione Anticalcare, Impugnatura Ergonomica, Protezione Antigoccia",2400,29.0,,0,2026-09-28T15:49:19.477995,250.0,Amazon.it,https://www.amazon.it/FERRO-VAPORE-ROWENTA-EFFECTIVE-DX1635D1/dp/B08H4MGC8T/ref=sr_1_10?dib=eyJ2IjoiMSJ9.j3upK2s76xgRILI_1L2uC1FiL3RlCbhvuKX-Bex-6iGRXSbOqCMdvjHCzsM4npNyQLzq2uq1d6FBaB-TMl9ifJ4eMXxRzfkueWwCVSDbTibfyrggvsxUZPwYg7XITCRaCs15wfBZ_8XMeGsIlyXIbuRI7aQuTf-zoyPlaozCNyCB8qeMYNgsCwductKT2Vqkfppg3_nqxhybhY8Hk49Vj3Io41iB27jsjGhItWOM76IZZH4gAg1GeNl1MWFl2b1abrk4Pid3z4osnTcga-TLiHDfJzj5y2yce7Wpf_qqxkQ.RfLJSTTOQP6MXb68H5atzCRiq7SBOJm_hjd8I__gkuA&dib_tag=se&keywords=ferro+da+stiro&qid=1790581747&sr=8-10,120
,,,,"Rowenta Freemove Force, Ferro da Stiro a Vapore Senza Filo, Efficiente, Riscaldamento Rapido, Leggero, Ricarica Rapida, Erogazione del Vapore di 35 g/min, Spegnimento Automatico, DE6720D1",,64.0,,0,2026-09-28T15:49:19.500661,,Amazon.it,https://www.amazon.it/Rowenta-Efficiente-Riscaldamento-Spegnimento-DE6720D1/dp/B0DHCQ1NV4/ref=sr_1_11?dib=eyJ2IjoiMSJ9.j3upK2s76xgRILI_1L2uC1FiL3RlCbhvuKX-Bex-6iGRXSbOqCMdvjHCzsM4npNyQLzq2uq1d6FBaB-TMl9ifJ4eMXxRzfkueWwCVSDbTibfyrggvsxUZPwYg7XITCRaCs15wfBZ_8XMeGsIlyXIbuRI7aQuTf-zoyPlaozCNyCB8qeMYNgsCwductKT2Vqkfppg3_nqxhybhY8Hk49Vj3Io41iB27jsjGhItWOM76IZZH4gAg1GeNl1MWFl2b1abrk4Pid3z4osnTcga-TLiHDfJzj5y2yce7Wpf_qqxkQ.RfLJSTTOQP6MXb68H5atzCRiq7SBOJm_hjd8I__gkuA&dib_tag=se&keywords=ferro+da+stiro&qid=1790581747&sr=8-11,35
,,,,"Rowenta PRO Master Ferro da Stiro a Vapore, Azzurro, DW8215",,54.0,,0,2026-09-28T15:49:19.519286,,Amazon.it,https://www.amazon.it/Rowenta-DW8215-vapore-Microsteam-soleplate/dp/B07CZJKNDM/ref=sr_1_12?dib=eyJ2IjoiMSJ9.j3upK2s76xgRILI_1L2uC1FiL3RlCbhvuKX-Bex-6iGRXSbOqCMdvjHCzsM4npNyQLzq2uq1d6FBaB-TMl9ifJ4eMXxRzfkueWwCVSDbTibfyrggvsxUZPwYg7XITCRaCs15wfBZ_8XMeGsIlyXIbuRI7aQuTf-zoyPlaozCNyCB8qeMYNgsCwductKT2Vqkfppg3_nqxhybhY8Hk49Vj3Io41iB27jsjGhItWOM76IZZH4gAg1GeNl1MWFl2b1abrk4Pid3z4osnTcga-TLiHDfJzj5y2yce7Wpf_qqxkQ.RfLJSTTOQP6MXb68H5atzCRiq7SBOJm_hjd8I__gkuA&dib_tag=se&keywords=ferro+da+stiro&qid=1790581747&sr=8-12,
,,,,"Rowenta Focus Excel, Ferro da Stiro a Vapore, DW5325",,69.0,,0,2026-09-28T15:49:19.536113,,Amazon.it,https://www.amazon.it/Rowenta-Modalit%C3%A0-Piastra-Acciaio-Anticalcare/dp/B09C6L1F7M/ref=sr_1_13?dib=eyJ2IjoiMSJ9.j3upK2s76xgRILI_1L2uC1FiL3RlCbhvuKX-Bex-6iGRXSbOqCMdvjHCzsM4npNyQLzq2uq1d6FBaB-TMl9ifJ4eMXxRzfkueWwCVSDbTibfyrggvsxUZPwYg7XITCRaCs15wfBZ_8XMeGsIlyXIbuRI7aQuTf-zoyPlaozCNyCB8qeMYNgsCwductKT2Vqkfppg3_nqxhybhY8Hk49Vj3Io41iB27jsjGhItWOM76IZZH4gAg1GeNl1MWFl2b1abrk4Pid3z4osnTcga-TLiHDfJzj5y2yce7Wpf_qqxkQ.RfLJSTTOQP6MXb68H5atzCRiq7SBOJm_hjd8I__gkuA&dib_tag=se&keywords=ferro+da+stiro&qid=1790581747&sr=8-13,
,,,,"Rowenta DX1531 Effective 2 Ferro da Stiro a Vapore, Anticalcare Integrato, Colpo Vapore 100 g, Potenza 2200 W, Erogazione continua di vapore, Resistente",2200,26.0,,0,2026-09-28T15:49:19.553142,,Amazon.it,https://www.amazon.it/Rowenta-DX1531D1-Ferro-Vapore-Effective/dp/B07SBCZMN7/ref=sr_1_14?dib=eyJ2IjoiMSJ9.j3upK2s76xgRILI_1L2uC1FiL3RlCbhvuKX-Bex-6iGRXSbOqCMdvjHCzsM4npNyQLzq2uq1d6FBaB-TMl9ifJ4eMXxRzfkueWwCVSDbTibfyrggvsxUZPwYg7XITCRaCs15wfBZ_8XMeGsIlyXIbuRI7aQuTf-zoyPlaozCNyCB8qeMYNgsCwductKT2Vqkfppg3_nqxhybhY8Hk49Vj3Io41iB27jsjGhItWOM76IZZH4gAg1GeNl1MWFl2b1abrk4Pid3z4osnTcga-TLiHDfJzj5y2yce7Wpf_qqxkQ.RfLJSTTOQP6MXb68H5atzCRiq7SBOJm_hjd8I__gkuA&dib_tag=se&keywords=ferro+da+stiro&qid=1790581747&sr=8-14,100
,,,,"Rowenta Force Pro 300, Ferro da Stiro con Generatore di Vapore, VR5430",,89.0,,0,2026-09-28T15:49:19.569850,,Amazon.it,https://www.amazon.it/Rowenta-Force-Generatore-Vapore-VR5430/dp/B0GTWGYV1J/ref=sr_1_15?dib=eyJ2IjoiMSJ9.j3upK2s76xgRILI_1L2uC1FiL3RlCbhvuKX-Bex-6iGRXSbOqCMdvjHCzsM4npNyQLzq2uq1d6FBaB-TMl9ifJ4eMXxRzfkueWwCVSDbTibfyrggvsxUZPwYg7XITCRaCs15wfBZ_8XMeGsIlyXIbuRI7aQuTf-zoyPlaozCNyCB8qeMYNgsCwductKT2Vqkfppg3_nqxhybhY8Hk49Vj3Io41iB27jsjGhItWOM76IZZH4gAg1GeNl1MWFl2b1abrk4Pid3z4osnTcga-TLiHDfJzj5y2yce7Wpf_qqxkQ.RfLJSTTOQP6MXb68H5atzCRiq7SBOJm_hjd8I__gkuA&dib_tag=se&keywords=ferro+da+stiro&qid=1790581747&sr=8-15,
,,,,"Rowenta Eco Intelligence Ferro a Vapore, Nero/Verde, DW6330",,64.0,,0,2026-09-28T15:49:19.589622,,Amazon.it,https://www.amazon.it/Rowenta-DW6330D1-Intelligence-Distribuzione-Riscaldmento/dp/B09RPGJW6Y/ref=sr_1_16?dib=eyJ2IjoiMSJ9.j3upK2s76xgRILI_1L2uC1FiL3RlCbhvuKX-Bex-6iGRXSbOqCMdvjHCzsM4npNyQLzq2uq1d6FBaB-TMl9ifJ4eMXxRzfkueWwCVSDbTibfyrggvsxUZPwYg7XITCRaCs15wfBZ_8XMeGsIlyXIbuRI7aQuTf-zoyPlaozCNyCB8qeMYNgsCwductKT2Vqkfppg3_nqxhybhY8Hk49Vj3Io41iB27jsjGhItWOM76IZZH4gAg1GeNl1MWFl2b1abrk4Pid3z4osnTcga-TLiHDfJzj5y2yce7Wpf_qqxkQ.RfLJSTTOQP6MXb68H5atzCRiq7SBOJm_hjd8I__gkuA&dib_tag=se&keywords=ferro+da+stiro&qid=1790581747&sr=8-16,
,,,,"Rowenta Access Steam, Ferro da Stiro a Vapore, DW4301",,44.0,,0,2026-09-28T15:49:19.606760,,Amazon.it,https://www.amazon.it/Rowenta-DW4301D1-Microsteam-Anticalcare-Precisione/dp/B0B9HQ7T6G/ref=sr_1_17?dib=eyJ2IjoiMSJ9.j3upK2s76xgRILI_1L2uC1FiL3RlCbhvuKX-Bex-6iGRXSbOqCMdvjHCzsM4npNyQLzq2uq1d6FBaB-TMl9ifJ4eMXxRzfkueWwCVSDbTibfyrggvsxUZPwYg7XITCRaCs15wfBZ_8XMeGsIlyXIbuRI7aQuTf-zoyPlaozCNyCB8qeMYNgsCwductKT2Vqkfppg3_nqxhybhY8Hk49Vj3Io41iB27jsjGhItWOM76IZZH4gAg1GeNl1MWFl2b1abrk4Pid3z4osnTcga-TLiHDfJzj5y2yce7Wpf_qqxkQ.RfLJSTTOQP6MXb68H5atzCRiq7SBOJm_hjd8I__gkuA&dib_tag=se&keywords=ferro+da+stiro&qid=1790581747&sr=8-17,
,,,,"Polti Vaporella Quick&Comfort QC120, Ferro da Stiro a Vapore",,36.0,,0,2026-09-28T15:49:19.623421,,Amazon.it,https://www.amazon.it/Polti-Vaporella-Inossidabile-Impugnatura-Cuscinetto/dp/B096MWH8TD/ref=sr_1_18?dib=eyJ2IjoiMSJ9.j3upK2s76xgRILI_1L2uC1FiL3RlCbhvuKX-Bex-6iGRXSbOqCMdvjHCzsM4npNyQLzq2uq1d6FBaB-TMl9ifJ4eMXxRzfkueWwCVSDbTibfyrggvsxUZPwYg7XITCRaCs15wfBZ_8XMeGsIlyXIbuRI7aQuTf-zoyPlaozCNyCB8qeMYNgsCwductKT2Vqkfppg3_nqxhybhY8Hk49Vj3Io41iB27jsjGhItWOM76IZZH4gAg1GeNl1MWFl2b1abrk4Pid3z4osnTcga-TLiHDfJzj5y2yce7Wpf_qqxkQ.RfLJSTTOQP6MXb68H5atzCRiq7SBOJm_hjd8I__gkuA&dib_tag=se&keywords=ferro+da+stiro&qid=1790581747&sr=8-18,
,,,,Imetec ZeroCalc VPR-X – Ferro da stiro a vapore 2600W,2600,44.0,,0,2026-09-28T15:49:19.640197,,Amazon.it,https://www.amazon.it/Imetec-Zerocalc-VPR-X-anticalcare-precisione/dp/B0FWRNLSL6/ref=sr_1_19?dib=eyJ2IjoiMSJ9.j3upK2s76xgRILI_1L2uC1FiL3RlCbhvuKX-Bex-6iGRXSbOqCMdvjHCzsM4npNyQLzq2uq1d6FBaB-TMl9ifJ4eMXxRzfkueWwCVSDbTibfyrggvsxUZPwYg7XITCRaCs15wfBZ_8XMeGsIlyXIbuRI7aQuTf-zoyPlaozCNyCB8qeMYNgsCwductKT2Vqkfppg3_nqxhybhY8Hk49Vj3Io41iB27jsjGhItWOM76IZZH4gAg1GeNl1MWFl2b1abrk4Pid3z4osnTcga-TLiHDfJzj5y2yce7Wpf_qqxkQ.RfLJSTTOQP6MXb68H5atzCRiq7SBOJm_hjd8I__gkuA&dib_tag=se&keywords=ferro+da+stiro&qid=1790581747&sr=8-19,
,,antiaderente,,"Braun TexStyle 1 SI1029BL, Ferro da Stiro Antiaderente, 120g/min Colpo Vapore, Sistema Decalc & Funzione Spray, Riscaldamento Rapido (35s), Adatto Acqua Rubinetto, EcoMode, Serbatoio 220ml, 1900W, Blu",1900,32.0,,0,2026-09-28T15:49:19.669009,220.0,Amazon.it,https://www.amazon.it/Braun-SI1029BL-Antiaderente-Riscaldamento-Rubinetto/dp/B0F3XZV9P8/ref=sr_1_20?dib=eyJ2IjoiMSJ9.j3upK2s76xgRILI_1L2uC1FiL3RlCbhvuKX-Bex-6iGRXSbOqCMdvjHCzsM4npNyQLzq2uq1d6FBaB-TMl9ifJ4eMXxRzfkueWwCVSDbTibfyrggvsxUZPwYg7XITCRaCs15wfBZ_8XMeGsIlyXIbuRI7aQuTf-zoyPlaozCNyCB8qeMYNgsCwductKT2Vqkfppg3_nqxhybhY8Hk49Vj3Io41iB27jsjGhItWOM76IZZH4gAg1GeNl1MWFl2b1abrk4Pid3z4osnTcga-TLiHDfJzj5y2yce7Wpf_qqxkQ.RfLJSTTOQP6MXb68H5atzCRiq7SBOJm_hjd8I__gkuA&dib_tag=se&keywords=ferro+da+stiro&qid=1790581747&sr=8-20,120
,,,,"Polti Vaporella Simply VS10.10, Ferro Da Stiro Generatore di Vapore",,89.0,,0,2026-09-28T15:49:19.692494,,Amazon.it,https://www.amazon.it/Polti-Vaporella-Generatore-Serbatoio-Estraibile/dp/B07FZK5PWQ/ref=sr_1_21?dib=eyJ2IjoiMSJ9.j3upK2s76xgRILI_1L2uC1FiL3RlCbhvuKX-Bex-6iGRXSbOqCMdvjHCzsM4npNyQLzq2uq1d6FBaB-TMl9ifJ4eMXxRzfkueWwCVSDbTibfyrggvsxUZPwYg7XITCRaCs15wfBZ_8XMeGsIlyXIbuRI7aQuTf-zoyPlaozCNyCB8qeMYNgsCwductKT2Vqkfppg3_nqxhybhY8Hk49Vj3Io41iB27jsjGhItWOM76IZZH4gAg1GeNl1MWFl2b1abrk4Pid3z4osnTcga-TLiHDfJzj5y2yce7Wpf_qqxkQ.RfLJSTTOQP6MXb68H5atzCRiq7SBOJm_hjd8I__gkuA&dib_tag=se&keywords=ferro+da+stiro&qid=1790581747&sr=8-21,
,,ceramica,,"G3 Ferrari G40014 Opera Ferro da Stiro a Vapore, 2000 W, Piastra in Ceramica, Capacità 230cc, Colpo vapore 90 g/min, Funzione spray, Blu",2000,19.0,,0,2026-09-28T15:49:19.711563,,Amazon.it,https://www.amazon.it/SISTEMA-STIRANTE-G3-FERRARI-CERAMICA/dp/B07K7N1PMP/ref=sr_1_22?dib=eyJ2IjoiMSJ9.j3upK2s76xgRILI_1L2uC1FiL3RlCbhvuKX-Bex-6iGRXSbOqCMdvjHCzsM4npNyQLzq2uq1d6FBaB-TMl9ifJ4eMXxRzfkueWwCVSDbTibfyrggvsxUZPwYg7XITCRaCs15wfBZ_8XMeGsIlyXIbuRI7aQuTf-zoyPlaozCNyCB8qeMYNgsCwductKT2Vqkfppg3_nqxhybhY8Hk49Vj3Io41iB27jsjGhItWOM76IZZH4gAg1GeNl1MWFl2b1abrk4Pid3z4osnTcga-TLiHDfJzj5y2yce7Wpf_qqxkQ.RfLJSTTOQP6MXb68H5atzCRiq7SBOJm_hjd8I__gkuA&dib_tag=se&keywords=ferro+da+stiro&qid=1790581747&sr=8-22,90
,,,,"Philips 5000 Ferro da Stiro a Vapore, 2400 W, Colpo Vapore 180g",2400,44.0,,0,2026-09-28T15:49:19.731017,,Amazon.it,https://www.amazon.it/Philips-5000-DST5030-80-prestazioni/dp/B08TJ1Z1NP/ref=sr_1_23?dib=eyJ2IjoiMSJ9.j3upK2s76xgRILI_1L2uC1FiL3RlCbhvuKX-Bex-6iGRXSbOqCMdvjHCzsM4npNyQLzq2uq1d6FBaB-TMl9ifJ4eMXxRzfkueWwCVSDbTibfyrggvsxUZPwYg7XITCRaCs15wfBZ_8XMeGsIlyXIbuRI7aQuTf-zoyPlaozCNyCB8qeMYNgsCwductKT2Vqkfppg3_nqxhybhY8Hk49Vj3Io41iB27jsjGhItWOM76IZZH4gAg1GeNl1MWFl2b1abrk4Pid3z4osnTcga-TLiHDfJzj5y2yce7Wpf_qqxkQ.RfLJSTTOQP6MXb68H5atzCRiq7SBOJm_hjd8I__gkuA&dib_tag=se&keywords=ferro+da+stiro&qid=1790581747&sr=8-23,180
,,antiaderente,,"Amazon Basics Ferro da Stiro a Vapore con Piastra Antiaderente, 1800 W, Vapore Continuo 20g, Serbatoio da 200mL, Colore Blu",1800,16.0,,0,2026-09-28T15:49:19.749911,200.0,Amazon.it,https://www.amazon.it/Amazon-Basics-antiaderente-autopulente-Dimensioni/dp/B0DVSJ2Z8P/ref=sr_1_24?dib=eyJ2IjoiMSJ9.j3upK2s76xgRILI_1L2uC1FiL3RlCbhvuKX-Bex-6iGRXSbOqCMdvjHCzsM4npNyQLzq2uq1d6FBaB-TMl9ifJ4eMXxRzfkueWwCVSDbTibfyrggvsxUZPwYg7XITCRaCs15wfBZ_8XMeGsIlyXIbuRI7aQuTf-zoyPlaozCNyCB8qeMYNgsCwductKT2Vqkfppg3_nqxhybhY8Hk49Vj3Io41iB27jsjGhItWOM76IZZH4gAg1GeNl1MWFl2b1abrk4Pid3z4osnTcga-TLiHDfJzj5y2yce7Wpf_qqxkQ.RfLJSTTOQP6MXb68H5atzCRiq7SBOJm_hjd8I__gkuA&dib_tag=se&keywords=ferro+da+stiro&qid=1790581747&sr=8-24,20
,,,,"Braun FreeStyle3 FI3124PU Ferro da Stiro con 5 Anni di Assistenza, MODALITA' ECOMODE Risparmio Energetico, Tecnologia FreeGlide 3D, vapore 170g/min, AutoSpegnimento, Serbatoio acqua 270ml, 2700W,Viola",2700,39.0,,0,2026-09-28T15:49:19.786665,270.0,Amazon.it,https://www.amazon.it/Braun-FI3124PU-Assistenza-SuperCeramic-Spegnimento/dp/B0BZZM9VX5/ref=sr_1_25?dib=eyJ2IjoiMSJ9.j3upK2s76xgRILI_1L2uC1FiL3RlCbhvuKX-Bex-6iGRXSbOqCMdvjHCzsM4npNyQLzq2uq1d6FBaB-TMl9ifJ4eMXxRzfkueWwCVSDbTibfyrggvsxUZPwYg7XITCRaCs15wfBZ_8XMeGsIlyXIbuRI7aQuTf-zoyPlaozCNyCB8qeMYNgsCwductKT2Vqkfppg3_nqxhybhY8Hk49Vj3Io41iB27jsjGhItWOM76IZZH4gAg1GeNl1MWFl2b1abrk4Pid3z4osnTcga-TLiHDfJzj5y2yce7Wpf_qqxkQ.RfLJSTTOQP6MXb68H5atzCRiq7SBOJm_hjd8I__gkuA&dib_tag=se&keywords=ferro+da+stiro&qid=1790581747&sr=8-25,170
,,inox,,"Rowenta VR5020 Liberty Ferro da Stiro con Generatore di Vapore, Pressione Fino a 5 Bar, 2200 W, 1.2 Litri, Colpo Vapore 200 g/min, Ferro da Stiro con Piastra in Acciaio Inox, Modalità Eco",2200,69.0,,0,2026-09-28T15:49:19.815027,5020000.0,Amazon.it,https://www.amazon.it/Rowenta-VR5020-Liberty-Generatore-Potente/dp/B07MCDHM8Q/ref=sr_1_26?dib=eyJ2IjoiMSJ9.j3upK2s76xgRILI_1L2uC1FiL3RlCbhvuKX-Bex-6iGRXSbOqCMdvjHCzsM4npNyQLzq2uq1d6FBaB-TMl9ifJ4eMXxRzfkueWwCVSDbTibfyrggvsxUZPwYg7XITCRaCs15wfBZ_8XMeGsIlyXIbuRI7aQuTf-zoyPlaozCNyCB8qeMYNgsCwductKT2Vqkfppg3_nqxhybhY8Hk49Vj3Io41iB27jsjGhItWOM76IZZH4gAg1GeNl1MWFl2b1abrk4Pid3z4osnTcga-TLiHDfJzj5y2yce7Wpf_qqxkQ.RfLJSTTOQP6MXb68H5atzCRiq7SBOJm_hjd8I__gkuA&dib_tag=se&keywords=ferro+da+stiro&qid=1790581747&sr=8-26,200
,,,,"Polti Vaporella Simply VS10.12, Ferro da Stiro Generatore di Vapore",,88.0,,0,2026-09-28T15:49:19.835302,,Amazon.it,https://www.amazon.it/Polti-Vaporella-Generatore-Serbatoio-Estraibile/dp/B07FZ3VX3P/ref=sr_1_27?dib=eyJ2IjoiMSJ9.j3upK2s76xgRILI_1L2uC1FiL3RlCbhvuKX-Bex-6iGRXSbOqCMdvjHCzsM4npNyQLzq2uq1d6FBaB-TMl9ifJ4eMXxRzfkueWwCVSDbTibfyrggvsxUZPwYg7XITCRaCs15wfBZ_8XMeGsIlyXIbuRI7aQuTf-zoyPlaozCNyCB8qeMYNgsCwductKT2Vqkfppg3_nqxhybhY8Hk49Vj3Io41iB27jsjGhItWOM76IZZH4gAg1GeNl1MWFl2b1abrk4Pid3z4osnTcga-TLiHDfJzj5y2yce7Wpf_qqxkQ.RfLJSTTOQP6MXb68H5atzCRiq7SBOJm_hjd8I__gkuA&dib_tag=se&keywords=ferro+da+stiro&qid=1790581747&sr=8-27,
,,,,"Rowenta Force Pro 300, Ferro con Generatore di Vapore, Acqua, VR5431",,89.0,,0,2026-09-28T15:49:19.854740,,Amazon.it,https://www.amazon.it/Rowenta-Force-Generatore-Vapore-VR5431/dp/B0GJTRLJPR/ref=sr_1_28?dib=eyJ2IjoiMSJ9.j3upK2s76xgRILI_1L2uC1FiL3RlCbhvuKX-Bex-6iGRXSbOqCMdvjHCzsM4npNyQLzq2uq1d6FBaB-TMl9ifJ4eMXxRzfkueWwCVSDbTibfyrggvsxUZPwYg7XITCRaCs15wfBZ_8XMeGsIlyXIbuRI7aQuTf-zoyPlaozCNyCB8qeMYNgsCwductKT2Vqkfppg3_nqxhybhY8Hk49Vj3Io41iB27jsjGhItWOM76IZZH4gAg1GeNl1MWFl2b1abrk4Pid3z4osnTcga-TLiHDfJzj5y2yce7Wpf_qqxkQ.RfLJSTTOQP6MXb68H5atzCRiq7SBOJm_hjd8I__gkuA&dib_tag=se&keywords=ferro+da+stiro&qid=1790581747&sr=8-28,
,,ceramica,,"Philips PerfectCare 6000 Ferro da Stiro con Caldaia, 6.5 Bar, 500g/min - Vapore potente, Nessuna bruciatura sui capi, Design compatto, Serbatoio da 1.8L, 2400W, Piastra SteamGlide Plus (PSG6023/20)",2400,179.0,,0,2026-09-28T15:49:19.873651,1800.0,Amazon.it,https://www.amazon.it/Philips-PerfectCare-Serie-Ferro-Caldaia/dp/B0GPR83DT9/ref=sr_1_29?dib=eyJ2IjoiMSJ9.j3upK2s76xgRILI_1L2uC1FiL3RlCbhvuKX-Bex-6iGRXSbOqCMdvjHCzsM4npNyQLzq2uq1d6FBaB-TMl9ifJ4eMXxRzfkueWwCVSDbTibfyrggvsxUZPwYg7XITCRaCs15wfBZ_8XMeGsIlyXIbuRI7aQuTf-zoyPlaozCNyCB8qeMYNgsCwductKT2Vqkfppg3_nqxhybhY8Hk49Vj3Io41iB27jsjGhItWOM76IZZH4gAg1GeNl1MWFl2b1abrk4Pid3z4osnTcga-TLiHDfJzj5y2yce7Wpf_qqxkQ.RfLJSTTOQP6MXb68H5atzCRiq7SBOJm_hjd8I__gkuA&dib_tag=se&keywords=ferro+da+stiro&qid=1790581747&sr=8-29,500
,,,,"ODS-44152 Ferro da Stiro con sensore per attivare luci e Suoni, 44152, 3+ anni",,11.0,,0,2026-09-28T15:49:19.889082,,Amazon.it,https://www.amazon.it/ODS-44152-Ferro-sensore-attivare-44152/dp/B08S47S8X8/ref=sr_1_30?dib=eyJ2IjoiMSJ9.j3upK2s76xgRILI_1L2uC1FiL3RlCbhvuKX-Bex-6iGRXSbOqCMdvjHCzsM4npNyQLzq2uq1d6FBaB-TMl9ifJ4eMXxRzfkueWwCVSDbTibfyrggvsxUZPwYg7XITCRaCs15wfBZ_8XMeGsIlyXIbuRI7aQuTf-zoyPlaozCNyCB8qeMYNgsCwductKT2Vqkfppg3_nqxhybhY8Hk49Vj3Io41iB27jsjGhItWOM76IZZH4gAg1GeNl1MWFl2b1abrk4Pid3z4osnTcga-TLiHDfJzj5y2yce7Wpf_qqxkQ.RfLJSTTOQP6MXb68H5atzCRiq7SBOJm_hjd8I__gkuA&dib_tag=se&keywords=ferro+da+stiro&qid=1790581747&sr=8-30,
,,,,"Rowenta Ferro da Stiro Express Steam DW4345D1, Rosa",,44.0,,0,2026-09-28T15:49:19.905570,,Amazon.it,https://www.amazon.it/ROWENTA-FERRO-STIRO-EXPRESS-DW4345D1/dp/B08H8RKD3B/ref=sr_1_31?dib=eyJ2IjoiMSJ9.j3upK2s76xgRILI_1L2uC1FiL3RlCbhvuKX-Bex-6iGRXSbOqCMdvjHCzsM4npNyQLzq2uq1d6FBaB-TMl9ifJ4eMXxRzfkueWwCVSDbTibfyrggvsxUZPwYg7XITCRaCs15wfBZ_8XMeGsIlyXIbuRI7aQuTf-zoyPlaozCNyCB8qeMYNgsCwductKT2Vqkfppg3_nqxhybhY8Hk49Vj3Io41iB27jsjGhItWOM76IZZH4gAg1GeNl1MWFl2b1abrk4Pid3z4osnTcga-TLiHDfJzj5y2yce7Wpf_qqxkQ.RfLJSTTOQP6MXb68H5atzCRiq7SBOJm_hjd8I__gkuA&dib_tag=se&keywords=ferro+da+stiro&qid=1790581747&sr=8-31,
,,,,"Polti Vaporella 505 Pro, Ferro da Stiro a Vapore con Caldaia",,94.0,,0,2026-09-28T15:49:19.920797,,Amazon.it,https://www.amazon.it/Polti-Vaporella-Vapore-Caldaia-Sicurezza/dp/B00D7ARYHC/ref=sr_1_32?dib=eyJ2IjoiMSJ9.j3upK2s76xgRILI_1L2uC1FiL3RlCbhvuKX-Bex-6iGRXSbOqCMdvjHCzsM4npNyQLzq2uq1d6FBaB-TMl9ifJ4eMXxRzfkueWwCVSDbTibfyrggvsxUZPwYg7XITCRaCs15wfBZ_8XMeGsIlyXIbuRI7aQuTf-zoyPlaozCNyCB8qeMYNgsCwductKT2Vqkfppg3_nqxhybhY8Hk49Vj3Io41iB27jsjGhItWOM76IZZH4gAg1GeNl1MWFl2b1abrk4Pid3z4osnTcga-TLiHDfJzj5y2yce7Wpf_qqxkQ.RfLJSTTOQP6MXb68H5atzCRiq7SBOJm_hjd8I__gkuA&dib_tag=se&keywords=ferro+da+stiro&qid=1790581747&sr=8-32,
,,,,Ariete Steam Iron 2000W 2000 W 28 g/min,2000,,,0,2026-09-28T15:49:19.934237,,Amazon.it,https://www.amazon.it/Steam-Iron-2000W-2000-min/dp/B01FSGA3FC/ref=sr_1_33?dib=eyJ2IjoiMSJ9.j3upK2s76xgRILI_1L2uC1FiL3RlCbhvuKX-Bex-6iGRXSbOqCMdvjHCzsM4npNyQLzq2uq1d6FBaB-TMl9ifJ4eMXxRzfkueWwCVSDbTibfyrggvsxUZPwYg7XITCRaCs15wfBZ_8XMeGsIlyXIbuRI7aQuTf-zoyPlaozCNyCB8qeMYNgsCwductKT2Vqkfppg3_nqxhybhY8Hk49Vj3Io41iB27jsjGhItWOM76IZZH4gAg1GeNl1MWFl2b1abrk4Pid3z4osnTcga-TLiHDfJzj5y2yce7Wpf_qqxkQ.RfLJSTTOQP6MXb68H5atzCRiq7SBOJm_hjd8I__gkuA&dib_tag=se&keywords=ferro+da+stiro&qid=1790581747&sr=8-33,28
,,,,"Girmi ST03 Ferro Da Stiro A Vapore Con Caldaia Professionale, 2000W, Serbatoio 700ml, Pressione 2,5-3 Bar, Piastra in Alluminio, Impugnatura in Sughero, Termostato Regolabile",2000,57.0,,0,2026-09-28T15:49:19.950628,700.0,Amazon.it,https://www.amazon.it/Girmi-Sistema-Stirante-milliliters-Plastica/dp/B08LJMKTJG/ref=sr_1_34?dib=eyJ2IjoiMSJ9.j3upK2s76xgRILI_1L2uC1FiL3RlCbhvuKX-Bex-6iGRXSbOqCMdvjHCzsM4npNyQLzq2uq1d6FBaB-TMl9ifJ4eMXxRzfkueWwCVSDbTibfyrggvsxUZPwYg7XITCRaCs15wfBZ_8XMeGsIlyXIbuRI7aQuTf-zoyPlaozCNyCB8qeMYNgsCwductKT2Vqkfppg3_nqxhybhY8Hk49Vj3Io41iB27jsjGhItWOM76IZZH4gAg1GeNl1MWFl2b1abrk4Pid3z4osnTcga-TLiHDfJzj5y2yce7Wpf_qqxkQ.RfLJSTTOQP6MXb68H5atzCRiq7SBOJm_hjd8I__gkuA&dib_tag=se&keywords=ferro+da+stiro&qid=1790581747&sr=8-34,
,,ceramica,,"SEVERIN BA 3243 Ferro da stiro a vapore e a secco 2400W con getto fino a 70g/min, serbatoio da 200 ml, Ferro a secco autopulente, Ferro a vapore con piastra in ceramica, Bianco/viola",2400,28.0,,0,2026-09-28T15:49:19.967321,200.0,Amazon.it,https://www.amazon.it/SEVERIN-serbatoio-autopulente-piastra-ceramica/dp/B003HDB1XC/ref=sr_1_35?dib=eyJ2IjoiMSJ9.j3upK2s76xgRILI_1L2uC1FiL3RlCbhvuKX-Bex-6iGRXSbOqCMdvjHCzsM4npNyQLzq2uq1d6FBaB-TMl9ifJ4eMXxRzfkueWwCVSDbTibfyrggvsxUZPwYg7XITCRaCs15wfBZ_8XMeGsIlyXIbuRI7aQuTf-zoyPlaozCNyCB8qeMYNgsCwductKT2Vqkfppg3_nqxhybhY8Hk49Vj3Io41iB27jsjGhItWOM76IZZH4gAg1GeNl1MWFl2b1abrk4Pid3z4osnTcga-TLiHDfJzj5y2yce7Wpf_qqxkQ.RfLJSTTOQP6MXb68H5atzCRiq7SBOJm_hjd8I__gkuA&dib_tag=se&keywords=ferro+da+stiro&qid=1790581747&sr=8-35,70
,,ceramica,,"BLACK+DECKER - Ferro da stiro, 3000W, piastra ceramica, colpo vapore 200 g",3000,49.0,,0,2026-09-28T15:49:19.982651,,Amazon.it,https://www.amazon.it/BLACK-DECKER-piastra-ceramica-vapore/dp/B08V8G4YVD/ref=sr_1_36?dib=eyJ2IjoiMSJ9.j3upK2s76xgRILI_1L2uC1FiL3RlCbhvuKX-Bex-6iGRXSbOqCMdvjHCzsM4npNyQLzq2uq1d6FBaB-TMl9ifJ4eMXxRzfkueWwCVSDbTibfyrggvsxUZPwYg7XITCRaCs15wfBZ_8XMeGsIlyXIbuRI7aQuTf-zoyPlaozCNyCB8qeMYNgsCwductKT2Vqkfppg3_nqxhybhY8Hk49Vj3Io41iB27jsjGhItWOM76IZZH4gAg1GeNl1MWFl2b1abrk4Pid3z4osnTcga-TLiHDfJzj5y2yce7Wpf_qqxkQ.RfLJSTTOQP6MXb68H5atzCRiq7SBOJm_hjd8I__gkuA&dib_tag=se&keywords=ferro+da+stiro&qid=1790581747&sr=8-36,200
,,,,"Philips Azur 8000 Ferro da Stiro a Vapore, 3000 W, Colpo Vapore 240g",3000,,,0,2026-09-28T15:49:19.996145,,Amazon.it,https://www.amazon.it/Philips-Azur-Serie-Ferro-Vapore/dp/B0B7KCK2YV/ref=sr_1_37?dib=eyJ2IjoiMSJ9.j3upK2s76xgRILI_1L2uC1FiL3RlCbhvuKX-Bex-6iGRXSbOqCMdvjHCzsM4npNyQLzq2uq1d6FBaB-TMl9ifJ4eMXxRzfkueWwCVSDbTibfyrggvsxUZPwYg7XITCRaCs15wfBZ_8XMeGsIlyXIbuRI7aQuTf-zoyPlaozCNyCB8qeMYNgsCwductKT2Vqkfppg3_nqxhybhY8Hk49Vj3Io41iB27jsjGhItWOM76IZZH4gAg1GeNl1MWFl2b1abrk4Pid3z4osnTcga-TLiHDfJzj5y2yce7Wpf_qqxkQ.RfLJSTTOQP6MXb68H5atzCRiq7SBOJm_hjd8I__gkuA&dib_tag=se&keywords=ferro+da+stiro&qid=1790581747&sr=8-37,240
,,,,"Rowenta De5010 Freemove Ferro da Stiro a Vapore senza Filo, 2400W, 250 Ml, Quantità di Vapore Variabile 120 G/Min, Nero/Blu",2400,79.0,,0,2026-09-28T15:49:20.011160,250.0,Amazon.it,https://www.amazon.it/Rowenta-DE5010-Freemove-Ferro-Vapore/dp/B075FV7YW3/ref=sr_1_38?dib=eyJ2IjoiMSJ9.j3upK2s76xgRILI_1L2uC1FiL3RlCbhvuKX-Bex-6iGRXSbOqCMdvjHCzsM4npNyQLzq2uq1d6FBaB-TMl9ifJ4eMXxRzfkueWwCVSDbTibfyrggvsxUZPwYg7XITCRaCs15wfBZ_8XMeGsIlyXIbuRI7aQuTf-zoyPlaozCNyCB8qeMYNgsCwductKT2Vqkfppg3_nqxhybhY8Hk49Vj3Io41iB27jsjGhItWOM76IZZH4gAg1GeNl1MWFl2b1abrk4Pid3z4osnTcga-TLiHDfJzj5y2yce7Wpf_qqxkQ.RfLJSTTOQP6MXb68H5atzCRiq7SBOJm_hjd8I__gkuA&dib_tag=se&keywords=ferro+da+stiro&qid=1790581747&sr=8-38,120
,,,,"Braun TexStyle 9 SI9661VI Ferro da Stiro a Vapore con Tecnologia FreeGlide 3D, Ferro Verticale, Funzione Anti-Gocciolamento, Serbatoio da 330ml, 260 g/min, 3200W, Viola",3200,89.0,,0,2026-09-28T15:49:20.026419,330.0,Amazon.it,https://www.amazon.it/Braun-SI9661VI-Assistenza-energetico-Superceramic/dp/B0CJYGMD4F/ref=sr_1_39?dib=eyJ2IjoiMSJ9.j3upK2s76xgRILI_1L2uC1FiL3RlCbhvuKX-Bex-6iGRXSbOqCMdvjHCzsM4npNyQLzq2uq1d6FBaB-TMl9ifJ4eMXxRzfkueWwCVSDbTibfyrggvsxUZPwYg7XITCRaCs15wfBZ_8XMeGsIlyXIbuRI7aQuTf-zoyPlaozCNyCB8qeMYNgsCwductKT2Vqkfppg3_nqxhybhY8Hk49Vj3Io41iB27jsjGhItWOM76IZZH4gAg1GeNl1MWFl2b1abrk4Pid3z4osnTcga-TLiHDfJzj5y2yce7Wpf_qqxkQ.RfLJSTTOQP6MXb68H5atzCRiq7SBOJm_hjd8I__gkuA&dib_tag=se&keywords=ferro+da+stiro&qid=1790581747&sr=8-39,260
,,,,"Philips PerfectCare 7000 Ferro da Stiro con Caldaia, 8.5 Bar, 600g/min",,269.0,,0,2026-09-28T15:49:20.042426,,Amazon.it,https://www.amazon.it/Philips-PerfectCare-SteamGlide-PSG7200-60/dp/B0F5WP74RQ/ref=sr_1_40?dib=eyJ2IjoiMSJ9.j3upK2s76xgRILI_1L2uC1FiL3RlCbhvuKX-Bex-6iGRXSbOqCMdvjHCzsM4npNyQLzq2uq1d6FBaB-TMl9ifJ4eMXxRzfkueWwCVSDbTibfyrggvsxUZPwYg7XITCRaCs15wfBZ_8XMeGsIlyXIbuRI7aQuTf-zoyPlaozCNyCB8qeMYNgsCwductKT2Vqkfppg3_nqxhybhY8Hk49Vj3Io41iB27jsjGhItWOM76IZZH4gAg1GeNl1MWFl2b1abrk4Pid3z4osnTcga-TLiHDfJzj5y2yce7Wpf_qqxkQ.RfLJSTTOQP6MXb68H5atzCRiq7SBOJm_hjd8I__gkuA&dib_tag=se&keywords=ferro+da+stiro&qid=1790581747&sr=8-40,600
,,,,"Rowenta Silence Steam Pro, Ferro da Stiro Professionale con Caldaia, DG9248",,289.0,,0,2026-09-28T15:49:20.057717,,Amazon.it,https://www.amazon.it/Rowenta-Silence-Silenziosa-Prestazioni-Pressione/dp/B07H45SFVG/ref=sr_1_41?dib=eyJ2IjoiMSJ9.j3upK2s76xgRILI_1L2uC1FiL3RlCbhvuKX-Bex-6iGRXSbOqCMdvjHCzsM4npNyQLzq2uq1d6FBaB-TMl9ifJ4eMXxRzfkueWwCVSDbTibfyrggvsxUZPwYg7XITCRaCs15wfBZ_8XMeGsIlyXIbuRI7aQuTf-zoyPlaozCNyCB8qeMYNgsCwductKT2Vqkfppg3_nqxhybhY8Hk49Vj3Io41iB27jsjGhItWOM76IZZH4gAg1GeNl1MWFl2b1abrk4Pid3z4osnTcga-TLiHDfJzj5y2yce7Wpf_qqxkQ.RfLJSTTOQP6MXb68H5atzCRiq7SBOJm_hjd8I__gkuA&dib_tag=se&keywords=ferro+da+stiro&qid=1790581747&sr=8-41,
,,,,"Cecotec Ferro Da Stiro a Vapore Fast&Furious 5040 Absolute. 3000 W, Vapore 65 g/min, Colpo Vapore 230 g/min, Piastra Turbo Slide, Modalità ECO, Sistema di Sicurezza Autospegnimento, Antigoccia",3000,34.0,,0,2026-09-28T15:49:20.073435,,Amazon.it,https://www.amazon.it/Cecotec-Absolute-Modalit%C3%A0-Anti-goccia-anticalcare/dp/B08NCDB5HG/ref=sr_1_42?dib=eyJ2IjoiMSJ9.j3upK2s76xgRILI_1L2uC1FiL3RlCbhvuKX-Bex-6iGRXSbOqCMdvjHCzsM4npNyQLzq2uq1d6FBaB-TMl9ifJ4eMXxRzfkueWwCVSDbTibfyrggvsxUZPwYg7XITCRaCs15wfBZ_8XMeGsIlyXIbuRI7aQuTf-zoyPlaozCNyCB8qeMYNgsCwductKT2Vqkfppg3_nqxhybhY8Hk49Vj3Io41iB27jsjGhItWOM76IZZH4gAg1GeNl1MWFl2b1abrk4Pid3z4osnTcga-TLiHDfJzj5y2yce7Wpf_qqxkQ.RfLJSTTOQP6MXb68H5atzCRiq7SBOJm_hjd8I__gkuA&dib_tag=se&keywords=ferro+da+stiro&qid=1790581747&sr=8-42,65
,,,,"Rowenta Steamforce Pro, Ferro a Vapore, DW9520",,109.0,,0,2026-09-28T15:49:20.095982,,Amazon.it,https://www.amazon.it/Rowenta-Steamforce-Anticalcare-Spegnimento-Intelligente/dp/B0D5R4B4VF/ref=sr_1_43?dib=eyJ2IjoiMSJ9.j3upK2s76xgRILI_1L2uC1FiL3RlCbhvuKX-Bex-6iGRXSbOqCMdvjHCzsM4npNyQLzq2uq1d6FBaB-TMl9ifJ4eMXxRzfkueWwCVSDbTibfyrggvsxUZPwYg7XITCRaCs15wfBZ_8XMeGsIlyXIbuRI7aQuTf-zoyPlaozCNyCB8qeMYNgsCwductKT2Vqkfppg3_nqxhybhY8Hk49Vj3Io41iB27jsjGhItWOM76IZZH4gAg1GeNl1MWFl2b1abrk4Pid3z4osnTcga-TLiHDfJzj5y2yce7Wpf_qqxkQ.RfLJSTTOQP6MXb68H5atzCRiq7SBOJm_hjd8I__gkuA&dib_tag=se&keywords=ferro+da+stiro&qid=1790581747&sr=8-43,
,,,,"Girmi ST91 Ferro da Stiro a Secco 900 W, Senza Vapore, Nero",900,32.0,,0,2026-09-28T15:49:20.119461,,Amazon.it,https://www.amazon.it/Girmi-Ferro-Stiro-Secco-Unica/dp/B07W6JHFGC/ref=sr_1_44?dib=eyJ2IjoiMSJ9.j3upK2s76xgRILI_1L2uC1FiL3RlCbhvuKX-Bex-6iGRXSbOqCMdvjHCzsM4npNyQLzq2uq1d6FBaB-TMl9ifJ4eMXxRzfkueWwCVSDbTibfyrggvsxUZPwYg7XITCRaCs15wfBZ_8XMeGsIlyXIbuRI7aQuTf-zoyPlaozCNyCB8qeMYNgsCwductKT2Vqkfppg3_nqxhybhY8Hk49Vj3Io41iB27jsjGhItWOM76IZZH4gAg1GeNl1MWFl2b1abrk4Pid3z4osnTcga-TLiHDfJzj5y2yce7Wpf_qqxkQ.RfLJSTTOQP6MXb68H5atzCRiq7SBOJm_hjd8I__gkuA&dib_tag=se&keywords=ferro+da+stiro&qid=1790581747&sr=8-44,
,,inox,,BLACK+DECKER - ferro da stiro a vapore 2200W | anticalcare | colpo vapore 120 g/min | vapore verticale | vapore continuo 30 g/min | suola in acciaio inox | antigoccia | blu,2200,23.0,,0,2026-09-28T15:49:20.140265,,Amazon.it,https://www.amazon.it/BLACK-DECKER-Bxir2200E-Ferra-Plastica/dp/B07KFZ13XT/ref=sr_1_45_mod_primary_new?dib=eyJ2IjoiMSJ9.j3upK2s76xgRILI_1L2uC1FiL3RlCbhvuKX-Bex-6iGRXSbOqCMdvjHCzsM4npNyQLzq2uq1d6FBaB-TMl9ifJ4eMXxRzfkueWwCVSDbTibfyrggvsxUZPwYg7XITCRaCs15wfBZ_8XMeGsIlyXIbuRI7aQuTf-zoyPlaozCNyCB8qeMYNgsCwductKT2Vqkfppg3_nqxhybhY8Hk49Vj3Io41iB27jsjGhItWOM76IZZH4gAg1GeNl1MWFl2b1abrk4Pid3z4osnTcga-TLiHDfJzj5y2yce7Wpf_qqxkQ.RfLJSTTOQP6MXb68H5atzCRiq7SBOJm_hjd8I__gkuA&dib_tag=se&keywords=ferro+da+stiro&qid=1790581747&sbo=RZvfv%2F%2FHxDF%2BO5021pAnSA%3D%3D&sr=8-45,120
,,antiaderente,,"Ferro da Stiro a Vapore da 2300 W con Piastra Antiaderente a Riscaldamento Rapido, Serbatoio 300 ml, Vapore 25g/min, Colpo di Vapore 150g, Autopulente, Anticalcare, Funzione Antigoccia Ferro da Stiro",2300,24.0,,0,2026-09-28T15:49:20.160297,300.0,Amazon.it,https://www.amazon.it/Antiaderente-Riscaldamento-Autopulente-Anticalcare-Antigoccia/dp/B0FFSTV6M9/ref=sr_1_46?dib=eyJ2IjoiMSJ9.j3upK2s76xgRILI_1L2uC1FiL3RlCbhvuKX-Bex-6iGRXSbOqCMdvjHCzsM4npNyQLzq2uq1d6FBaB-TMl9ifJ4eMXxRzfkueWwCVSDbTibfyrggvsxUZPwYg7XITCRaCs15wfBZ_8XMeGsIlyXIbuRI7aQuTf-zoyPlaozCNyCB8qeMYNgsCwductKT2Vqkfppg3_nqxhybhY8Hk49Vj3Io41iB27jsjGhItWOM76IZZH4gAg1GeNl1MWFl2b1abrk4Pid3z4osnTcga-TLiHDfJzj5y2yce7Wpf_qqxkQ.RfLJSTTOQP6MXb68H5atzCRiq7SBOJm_hjd8I__gkuA&dib_tag=se&keywords=ferro+da+stiro&qid=1790581747&sr=8-46,25
,,inox,,"Girmi ST6204 Ferro da Stiro a Vapore 2800W, Colpo Vapore 140g, Serbatoio 380ml, Piastra INOX con Asola Salvabottoni, Stiratura a Secco e a Vapore Anche in Verticale",2800,40.0,,0,2026-09-28T15:49:20.178665,380.0,Amazon.it,https://www.amazon.it/Girmi-Ferro-stiro-vapore-2800W/dp/B091DQ77SB/ref=sr_1_47?dib=eyJ2IjoiMSJ9.j3upK2s76xgRILI_1L2uC1FiL3RlCbhvuKX-Bex-6iGRXSbOqCMdvjHCzsM4npNyQLzq2uq1d6FBaB-TMl9ifJ4eMXxRzfkueWwCVSDbTibfyrggvsxUZPwYg7XITCRaCs15wfBZ_8XMeGsIlyXIbuRI7aQuTf-zoyPlaozCNyCB8qeMYNgsCwductKT2Vqkfppg3_nqxhybhY8Hk49Vj3Io41iB27jsjGhItWOM76IZZH4gAg1GeNl1MWFl2b1abrk4Pid3z4osnTcga-TLiHDfJzj5y2yce7Wpf_qqxkQ.RfLJSTTOQP6MXb68H5atzCRiq7SBOJm_hjd8I__gkuA&dib_tag=se&keywords=ferro+da+stiro&qid=1790581747&sr=8-47,140
,,ceramica,,Imetec ZeroCalc Ferro da Stiro Vapore | Piastra Ceramica 2400W,2400,49.0,,0,2026-09-28T15:49:20.194992,,Amazon.it,https://www.amazon.it/Imetec-ZeroCalc-Tecnologia-Anticalcare-Intellivapor/dp/B07NYRRF1Y/ref=sr_1_48?dib=eyJ2IjoiMSJ9.j3upK2s76xgRILI_1L2uC1FiL3RlCbhvuKX-Bex-6iGRXSbOqCMdvjHCzsM4npNyQLzq2uq1d6FBaB-TMl9ifJ4eMXxRzfkueWwCVSDbTibfyrggvsxUZPwYg7XITCRaCs15wfBZ_8XMeGsIlyXIbuRI7aQuTf-zoyPlaozCNyCB8qeMYNgsCwductKT2Vqkfppg3_nqxhybhY8Hk49Vj3Io41iB27jsjGhItWOM76IZZH4gAg1GeNl1MWFl2b1abrk4Pid3z4osnTcga-TLiHDfJzj5y2yce7Wpf_qqxkQ.RfLJSTTOQP6MXb68H5atzCRiq7SBOJm_hjd8I__gkuA&dib_tag=se&keywords=ferro+da+stiro&qid=1790581747&sr=8-48,
