Ranking,Problema/Keyword,Tipo,Frequenza Totale,N. Prodotti Coinvolti,% Prodotti,Sentiment Negativo Avg,Severità,Prodotti Più Colpiti,Azioni Consigliate
1,Cavo troppo corto,PROBLEMA,47,8,80%,-0.75,ALTA,"GC3410/80, Tefal FV2660, Ariete A3220","AZIONE: Fornire cavo 200cm (vs media 180cm)"
2,Non scalda uniformemente,PROBLEMA,35,6,60%,-0.68,ALTA,"GC4567/80, A2100, Tefal FV4020","AZIONE: Migliorare distribuzione calore suola"
3,Pesa troppo,PROBLEMA,28,7,70%,-0.62,MEDIA,"DW5080, DW7080, Tefal FV4020","AZIONE: Target 1.7kg massimo"
4,Cavo rigido,PROBLEMA,21,5,50%,-0.58,MEDIA,"DW7060, GC4567/80, Philips GC2405","AZIONE: Cavo più flessibile, spirale"
5,Serbatoio piccolo,PROBLEMA,19,4,40%,-0.54,MEDIA,"Tefal FV2660, Ariete A3220, GC3410","AZIONE: 300-350ml di capienza"
6,Vapore non costante,PROBLEMA,16,3,30%,-0.61,MEDIA,"Tefal FV4020, A2100, GC2405","AZIONE: Sistema di controllo vapore più stabile"
7,Suola gratta,PROBLEMA,14,3,30%,-0.72,ALTA,"A2100, Tefal FV2660, GC4567","AZIONE: Coating premium sulla suola"
8,Rumore elevato,PROBLEMA,12,2,20%,-0.55,BASSA,"DW7060, Rowenta DW5080","AZIONE: Isolamento acustico migliore"
9,Impugnatura fredda,PROBLEMA,11,2,20%,-0.48,BASSA,"Ariete A3220, GC2405","AZIONE: Isolamento termico handle"
10,Accensione lenta,PROBLEMA,9,2,20%,-0.51,BASSA,"A2100, Tefal FV2660","AZIONE: Sistema riscaldamento più veloce"
11,Riscaldamento veloce,POSITIVO,67,9,90%,0.78,N/A,"DW5080, GC3410, DW7080","MANTENERE: Velocità riscaldamento < 45 secondi"
12,Qualità costruzione,POSITIVO,54,8,80%,0.72,N/A,"DW5080, DW7080, GC4567","MANTENERE: Materiali premium, robustezza"
13,Buon rapporto prezzo,POSITIVO,41,7,70%,0.65,N/A,"GC3410, Tefal FV2660, A2100","MANTENERE: Prezzi competitivi"
14,Ergonomico,POSITIVO,38,6,60%,0.69,N/A,"DW5080, DW7080, Tefal FV4020","MANTENERE: Design ergonomico handle"
15,Silenzioso,POSITIVO,23,3,30%,0.73,N/A,"DW7060, DW5080","MANTENERE/MIGLIORARE: Ridurre decibel"
